b,30.83,0,u,g,w,v,1.25,t,202,0,+
a,58.67,4.46,u,g,q,h,3.04,t,43,560,+
a,24.5,0.5,u,g,q,h,1.5,t,280,824,+
b,27.83,1.54,u,g,w,v,3.75,t,100,3,+
b,20.17,5.625,u,g,w,v,1.71,t,120,0,+
b,32.08,4,u,g,m,v,2.5,t,360,0,+
b,33.17,1.04,u,g,r,h,6.5,t,164,31285,+
a,22.92,11.585,u,g,cc,v,0.04,t,80,1349,+
b,54.42,0.5,y,p,k,h,3.96,t,180,314,+
b,42.5,4.915,y,p,w,v,3.165,t,52,1442,+
b,22.08,0.83,u,g,c,h,2.165,f,128,0,+
b,29.92,1.835,u,g,c,h,4.335,t,260,200,+
a,38.25,6,u,g,k,v,1,t,0,0,+
b,48.08,6.04,u,g,k,v,0.04,f,0,2690,+
a,45.83,10.5,u,g,q,v,5,t,0,0,+
b,36.67,4.415,y,p,k,v,0.25,t,320,0,+
b,28.25,0.875,u,g,m,v,0.96,t,396,0,+
a,23.25,5.875,u,g,q,v,3.17,t,120,245,+
b,21.83,0.25,u,g,d,h,0.665,t,0,0,+
a,19.17,8.585,u,g,cc,h,0.75,t,96,0,+
b,25,11.25,u,g,c,v,2.5,t,200,1208,+
b,23.25,1,u,g,c,v,0.835,t,300,0,+
a,47.75,8,u,g,c,v,7.875,t,0,1260,+
a,27.42,14.5,u,g,x,h,3.085,t,120,11,+
a,41.17,6.5,u,g,q,v,0.5,t,145,0,+
a,15.83,0.585,u,g,c,h,1.5,t,100,0,+
a,47,13,u,g,i,bb,5.165,t,0,0,+
b,56.58,18.5,u,g,d,bb,15,t,0,0,+
b,57.42,8.5,u,g,e,h,7,t,0,0,+
b,42.08,1.04,u,g,w,v,5,t,500,10000,+
b,29.25,14.79,u,g,aa,v,5.04,t,168,0,+
b,42,9.79,u,g,x,h,7.96,t,0,0,+
b,49.5,7.585,u,g,i,bb,7.585,t,0,5000,+
a,36.75,5.125,u,g,e,v,5,t,0,4000,+
a,22.58,10.75,u,g,q,v,0.415,t,0,560,+
b,27.83,1.5,u,g,w,v,2,t,434,35,+
b,27.25,1.585,u,g,cc,h,1.835,t,583,713,+
a,23,11.75,u,g,x,h,0.5,t,300,551,+
b,27.75,0.585,y,p,cc,v,0.25,t,260,500,+
b,54.58,9.415,u,g,ff,ff,14.415,t,30,300,+
b,34.17,9.17,u,g,c,v,4.5,t,0,221,+
b,28.92,15,u,g,c,h,5.335,t,0,2283,+
b,29.67,1.415,u,g,w,h,0.75,t,240,100,+
b,39.58,13.915,u,g,w,v,8.625,t,70,0,+
b,56.42,28,y,p,c,v,28.5,t,0,15,+
b,54.33,6.75,u,g,c,h,2.625,t,0,284,+
a,41,2.04,y,p,q,h,0.125,t,455,1236,+
b,31.92,4.46,u,g,cc,h,6.04,t,311,300,+
b,41.5,1.54,u,g,i,bb,3.5,f,216,0,+
b,23.92,0.665,u,g,c,v,0.165,f,100,0,+
a,25.75,0.5,u,g,c,h,0.875,t,491,0,+
b,26,1,u,g,q,v,1.75,t,280,0,+
b,37.42,2.04,u,g,w,v,0.04,t,400,5800,+
b,34.92,2.5,u,g,w,v,0,t,239,200,+
b,34.25,3,u,g,cc,h,7.415,t,0,0,+
b,23.33,11.625,y,p,w,v,0.835,t,160,300,+
b,23.17,0,u,g,cc,v,0.085,t,0,0,+
b,44.33,0.5,u,g,i,h,5,t,320,0,+
b,35.17,4.5,u,g,x,h,5.75,f,711,0,+
b,43.25,3,u,g,q,h,6,t,80,0,+
b,56.75,12.25,u,g,m,v,1.25,t,200,0,+
b,31.67,16.165,u,g,d,v,3,t,250,730,+
a,23.42,0.79,y,p,q,v,1.5,t,80,400,+
a,20.42,0.835,u,g,q,v,1.585,t,0,0,+
b,26.67,4.25,u,g,cc,v,4.29,t,120,0,+
b,34.17,1.54,u,g,cc,v,1.54,t,520,50000,+
a,36,1,u,g,c,v,2,t,0,456,+
b,25.5,0.375,u,g,m,v,0.25,t,260,15108,+
b,19.42,6.5,u,g,w,h,1.46,t,80,2954,+
b,35.17,25.125,u,g,x,h,1.625,t,515,500,+
b,32.33,7.5,u,g,e,bb,1.585,t,420,0,-
b,34.83,4,u,g,d,bb,12.5,t,?,0,-
a,38.58,5,u,g,cc,v,13.5,t,980,0,-
b,44.25,0.5,u,g,m,v,10.75,t,400,0,-
b,44.83,7,y,p,c,v,1.625,f,160,2,-
b,20.67,5.29,u,g,q,v,0.375,t,160,0,-
b,34.08,6.5,u,g,aa,v,0.125,t,443,0,-
a,19.17,0.585,y,p,aa,v,0.585,t,160,0,-
b,21.67,1.165,y,p,k,v,2.5,t,180,20,-
b,21.5,9.75,u,g,c,v,0.25,t,140,0,-
b,49.58,19,u,g,ff,ff,0,t,94,0,-
a,27.67,1.5,u,g,m,v,2,t,368,0,-
b,39.83,0.5,u,g,m,v,0.25,t,288,0,-
a,?,3.5,u,g,d,v,3,t,300,0,-
b,27.25,0.625,u,g,aa,v,0.455,t,200,0,-
b,37.17,4,u,g,c,bb,5,t,280,0,-
b,?,0.375,u,g,d,v,0.875,t,928,0,-
b,25.67,2.21,y,p,aa,v,4,t,188,0,-
b,34,4.5,u,g,aa,v,1,t,240,0,-
a,49,1.5,u,g,j,j,0,t,100,27,-
b,62.5,12.75,y,p,c,h,5,t,112,0,-
b,31.42,15.5,u,g,c,v,0.5,t,120,0,-
b,?,5,y,p,aa,v,8.5,t,0,0,-
b,52.33,1.375,y,p,c,h,9.46,t,200,100,-
b,28.75,1.5,y,p,c,v,1.5,t,0,225,-
a,28.58,3.54,u,g,i,bb,0.5,t,171,0,-
b,23,0.625,y,p,aa,v,0.125,t,180,1,-
b,?,0.5,u,g,c,bb,0.835,t,320,0,-
a,22.5,11,y,p,q,v,3,t,268,0,-
a,28.5,1,u,g,q,v,1,t,167,500,-
b,37.5,1.75,y,p,c,bb,0.25,t,164,400,-
b,35.25,16.5,y,p,c,v,4,t,80,0,-
b,18.67,5,u,g,q,v,0.375,t,0,38,-
b,25,12,u,g,k,v,2.25,t,120,5,-
b,27.83,4,y,p,i,h,5.75,t,75,0,-
b,54.83,15.5,u,g,e,z,0,t,152,130,-
b,28.75,1.165,u,g,k,v,0.5,t,280,0,-
a,25,11,y,p,aa,v,4.5,t,120,0,-
b,40.92,2.25,y,p,x,h,10,t,176,0,-
a,19.75,0.75,u,g,c,v,0.795,t,140,5,-
b,29.17,3.5,u,g,w,v,3.5,t,329,0,-
a,24.5,1.04,y,p,ff,ff,0.5,t,180,147,-
b,24.58,12.5,u,g,w,v,0.875,t,260,0,-
a,33.75,0.75,u,g,k,bb,1,t,212,0,-
b,20.67,1.25,y,p,c,h,1.375,t,140,210,-
a,25.42,1.125,u,g,q,v,1.29,t,200,0,-
b,37.75,7,u,g,q,h,11.5,t,300,5,-
b,52.5,6.5,u,g,k,v,6.29,t,0,11202,+
b,57.83,7.04,u,g,m,v,14,t,360,1332,+
a,20.75,10.335,u,g,cc,h,0.335,t,80,50,+
b,39.92,6.21,u,g,q,v,0.04,t,200,300,+
b,25.67,12.5,u,g,cc,v,1.21,t,140,258,+
a,24.75,12.5,u,g,aa,v,1.5,t,120,567,+
a,44.17,6.665,u,g,q,v,7.375,t,0,0,+
a,23.5,9,u,g,q,v,8.5,t,120,0,+
b,34.92,5,u,g,x,h,7.5,t,0,1000,+
b,47.67,2.5,u,g,m,bb,2.5,t,410,2510,+
b,22.75,11,u,g,q,v,2.5,t,100,809,+
b,34.42,4.25,u,g,i,bb,3.25,t,274,610,+
a,28.42,3.5,u,g,w,v,0.835,t,280,0,+
b,67.75,5.5,u,g,e,z,13,t,0,0,+
b,20.42,1.835,u,g,c,v,2.25,t,100,150,+
a,47.42,8,u,g,e,bb,6.5,t,375,51100,+
b,36.25,5,u,g,c,bb,2.5,t,0,367,+
b,32.67,5.5,u,g,q,h,5.5,t,408,1000,+
b,48.58,6.5,u,g,q,h,6,t,350,0,+
b,39.92,0.54,y,p,aa,v,0.5,t,200,1000,+
b,33.58,2.75,u,g,m,v,4.25,t,204,0,+
a,18.83,9.5,u,g,w,v,1.625,t,40,600,+
a,26.92,13.5,u,g,q,h,5,t,0,5000,+
a,31.25,3.75,u,g,cc,h,0.625,t,181,0,+
a,56.5,16,u,g,j,ff,0,t,0,247,+
b,43,0.29,y,p,cc,h,1.75,t,100,375,+
b,22.33,11,u,g,w,v,2,t,80,278,+
b,27.25,1.665,u,g,cc,h,5.085,t,399,827,+
b,32.83,2.5,u,g,cc,h,2.75,t,160,2072,+
b,23.25,1.5,u,g,q,v,2.375,t,0,582,+
a,40.33,7.54,y,p,q,h,8,t,0,2300,+
a,30.5,6.5,u,g,c,bb,4,t,0,3065,+
a,52.83,15,u,g,c,v,5.5,t,0,2200,+
a,46.67,0.46,u,g,cc,h,0.415,t,440,6,+
a,58.33,10,u,g,q,v,4,t,0,1602,+
b,37.33,6.5,u,g,m,h,4.25,t,93,0,+
b,23.08,2.5,u,g,c,v,1.085,t,60,2184,+
b,32.75,1.5,u,g,cc,h,5.5,t,0,0,+
a,21.67,11.5,y,p,j,j,0,t,0,0,+
a,28.5,3.04,y,p,x,h,2.54,t,70,0,+
a,68.67,15,u,g,e,z,0,t,0,3376,+
b,28,2,u,g,k,h,4.165,t,181,0,+
b,34.08,0.08,y,p,m,bb,0.04,t,280,2000,+
b,27.67,2,u,g,x,h,1,t,140,7544,+
b,44,2,u,g,m,v,1.75,t,0,15,+
b,25.08,1.71,u,g,x,v,1.665,t,395,20,+
b,32,1.75,y,p,e,h,0.04,t,393,0,+
a,60.58,16.5,u,g,q,v,11,t,21,10561,+
a,40.83,10,u,g,q,h,1.75,t,29,837,+
b,19.33,9.5,u,g,q,v,1,t,60,400,+
a,32.33,0.54,u,g,cc,v,0.04,t,440,11177,+
b,36.67,3.25,u,g,q,h,9,t,102,639,+
b,37.5,1.125,y,p,d,v,1.5,f,431,0,+
a,25.08,2.54,y,p,aa,v,0.25,t,370,0,+
b,41.33,0,u,g,c,bb,15,t,0,0,+
b,56,12.5,u,g,k,h,8,t,24,2028,+
a,49.83,13.585,u,g,k,h,8.5,t,0,0,+
b,22.67,10.5,u,g,q,h,1.335,t,100,0,+
b,27,1.5,y,p,w,v,0.375,t,260,1065,+
b,25,12.5,u,g,aa,v,3,t,20,0,+
a,26.08,8.665,u,g,aa,v,1.415,t,160,150,+
a,18.42,9.25,u,g,q,v,1.21,t,60,540,+
b,20.17,8.17,u,g,aa,v,1.96,t,60,158,+
b,47.67,0.29,u,g,c,bb,15,t,0,15000,+
a,21.25,2.335,u,g,i,bb,0.5,t,80,0,+
a,20.67,3,u,g,q,v,0.165,t,100,6,+
a,57.08,19.5,u,g,c,v,5.5,t,0,3000,+
a,22.42,5.665,u,g,q,v,2.585,t,129,3257,+
b,48.75,8.5,u,g,c,h,12.5,t,181,1655,+
b,40,6.5,u,g,aa,bb,3.5,t,0,500,+
b,40.58,5,u,g,c,v,5,t,0,3065,+
a,28.67,1.04,u,g,c,v,2.5,t,300,1430,+
a,33.08,4.625,u,g,q,h,1.625,t,0,0,+
b,21.33,10.5,u,g,c,v,3,t,0,0,+
b,42,0.205,u,g,i,h,5.125,t,400,0,+
b,41.75,0.96,u,g,x,v,2.5,t,510,600,+
b,22.67,1.585,y,p,w,v,3.085,t,80,0,+
b,34.5,4.04,y,p,i,bb,8.5,t,195,0,+
b,28.25,5.04,y,p,c,bb,1.5,t,144,7,+
b,33.17,3.165,y,p,x,v,3.165,t,380,0,+
b,48.17,7.625,u,g,w,h,15.5,t,0,790,+
b,27.58,2.04,y,p,aa,v,2,t,370,560,+
b,22.58,10.04,u,g,x,v,0.04,t,60,396,+
a,24.08,0.5,u,g,q,h,1.25,t,0,678,+
a,41.33,1,u,g,i,bb,2.25,t,0,300,+
b,24.83,2.75,u,g,c,v,2.25,t,?,600,+
a,20.75,10.25,u,g,q,v,0.71,t,49,0,+
b,36.33,2.125,y,p,w,v,0.085,t,50,1187,+
a,35.42,12,u,g,q,h,14,t,0,6590,+
a,71.58,0,?,?,?,?,0,f,?,0,+
b,28.67,9.335,u,g,q,h,5.665,t,381,168,+
b,35.17,2.5,u,g,k,v,4.5,t,150,1270,+
b,39.5,4.25,u,g,c,bb,6.5,t,117,1210,+
b,39.33,5.875,u,g,cc,h,10,t,399,0,+
b,24.33,6.625,y,p,d,v,5.5,t,100,0,+
b,60.08,14.5,u,g,ff,ff,18,t,0,1000,+
b,23.08,11.5,u,g,i,v,3.5,t,56,742,+
b,26.67,2.71,y,p,cc,v,5.25,t,211,0,+
b,48.17,3.5,u,g,aa,v,3.5,t,230,0,+
b,41.17,4.04,u,g,cc,h,7,t,320,0,+
b,55.92,11.5,u,g,ff,ff,5,t,0,8851,+
b,53.92,9.625,u,g,e,v,8.665,t,0,0,+
a,18.92,9.25,y,p,c,v,1,t,80,500,+
a,50.08,12.54,u,g,aa,v,2.29,t,156,0,+
b,65.42,11,u,g,e,z,20,t,22,0,+
a,17.58,9,u,g,aa,v,1.375,t,0,0,+
a,18.83,9.54,u,g,aa,v,0.085,t,100,0,+
a,37.75,5.5,u,g,q,v,0.125,t,228,0,+
b,23.25,4,u,g,c,bb,0.25,t,160,0,+
b,18.08,5.5,u,g,k,v,0.5,t,80,0,+
a,22.5,8.46,y,p,x,v,2.46,f,164,0,+
b,19.67,0.375,u,g,q,v,2,t,80,0,+
b,22.08,11,u,g,cc,v,0.665,t,100,0,+
b,25.17,3.5,u,g,cc,v,0.625,t,0,7059,+
a,47.42,3,u,g,x,v,13.875,t,519,1704,+
b,33.5,1.75,u,g,x,h,4.5,t,253,857,+
b,27.67,13.75,u,g,w,v,5.75,t,487,500,+
a,58.42,21,u,g,i,bb,10,t,0,6700,+
a,20.67,1.835,u,g,q,v,2.085,t,220,2503,+
b,26.17,0.25,u,g,i,bb,0,t,0,0,+
b,21.33,7.5,u,g,aa,v,1.415,t,80,9800,+
b,42.83,4.625,u,g,q,v,4.58,t,0,0,+
b,38.17,10.125,u,g,x,v,2.5,t,520,196,+
b,20.5,10,y,p,c,v,2.5,t,40,0,+
b,48.25,25.085,u,g,w,v,1.75,t,120,14,+
b,28.33,5,u,g,w,v,11,t,70,0,+
a,18.75,7.5,u,g,q,v,2.71,t,?,26726,+
b,18.5,2,u,g,i,v,1.5,t,120,300,+
b,33.17,3.04,y,p,c,h,2.04,t,180,18027,+
b,45,8.5,u,g,cc,h,14,t,88,2000,+
a,19.67,0.21,u,g,q,h,0.29,t,80,99,+
?,24.5,12.75,u,g,c,bb,4.75,t,73,444,+
b,21.83,11,u,g,x,v,0.29,t,121,0,+
b,40.25,21.5,u,g,e,z,20,t,0,1200,+
b,41.42,5,u,g,q,h,5,t,470,0,+
a,17.83,11,u,g,x,h,1,t,0,3000,+
b,23.17,11.125,u,g,x,h,0.46,t,100,0,+
b,?,0.625,u,g,k,v,0.25,f,380,2010,-
b,18.17,10.25,u,g,c,h,1.085,f,320,13,-
b,20,11.045,u,g,c,v,2,f,136,0,-
b,20,0,u,g,d,v,0.5,f,144,0,-
a,20.75,9.54,u,g,i,v,0.04,f,200,1000,-
a,24.5,1.75,y,p,c,v,0.165,f,132,0,-
b,32.75,2.335,u,g,d,h,5.75,f,292,0,-
a,52.17,0,y,p,ff,ff,0,f,0,0,-
a,48.17,1.335,u,g,i,o,0.335,f,0,120,-
a,20.42,10.5,y,p,x,h,0,f,154,32,-
b,50.75,0.585,u,g,ff,ff,0,f,145,0,-
b,17.08,0.085,y,p,c,v,0.04,f,140,722,-
b,18.33,1.21,y,p,e,dd,0,f,100,0,-
a,32,6,u,g,d,v,1.25,f,272,0,-
b,59.67,1.54,u,g,q,v,0.125,t,260,0,+
b,18,0.165,u,g,q,n,0.21,f,200,40,+
b,37.58,0,?,?,?,?,0,f,?,0,+
b,32.33,2.5,u,g,c,v,1.25,f,280,0,-
b,18.08,6.75,y,p,m,v,0.04,f,140,0,-
b,38.25,10.125,y,p,k,v,0.125,f,160,0,-
b,30.67,2.5,u,g,cc,h,2.25,f,340,0,-
b,18.58,5.71,u,g,d,v,0.54,f,120,0,-
a,19.17,5.415,u,g,i,h,0.29,f,80,484,-
a,18.17,10,y,p,q,h,0.165,f,340,0,-
b,24.58,13.5,y,p,ff,ff,0,f,?,0,-
b,16.25,0.835,u,g,m,v,0.085,t,200,0,-
b,21.17,0.875,y,p,c,h,0.25,f,280,204,-
b,23.92,0.585,y,p,cc,h,0.125,f,240,1,-
b,17.67,4.46,u,g,c,v,0.25,f,80,0,-
a,16.5,1.25,u,g,q,v,0.25,f,108,98,-
b,23.25,12.625,u,g,c,v,0.125,f,0,5552,-
b,17.58,10,u,g,w,h,0.165,f,120,1,-
a,?,1.5,u,g,ff,ff,0,f,200,105,-
b,29.5,0.58,u,g,w,v,0.29,f,340,2803,-
b,18.83,0.415,y,p,c,v,0.165,f,200,1,-
a,21.75,1.75,y,p,j,j,0,f,160,0,-
b,23,0.75,u,g,m,v,0.5,f,320,0,-
a,18.25,10,u,g,w,v,1,f,120,1,-
b,25.42,0.54,u,g,w,v,0.165,f,272,444,-
b,35.75,2.415,u,g,w,v,0.125,f,220,1,-
a,16.08,0.335,u,g,ff,ff,0,f,160,126,-
a,31.92,3.125,u,g,ff,ff,3.04,f,200,4,-
b,69.17,9,u,g,ff,ff,4,f,70,6,-
b,32.92,2.5,u,g,aa,v,1.75,f,720,0,-
b,16.33,2.75,u,g,aa,v,0.665,f,80,21,-
b,22.17,12.125,u,g,c,v,3.335,f,180,173,-
a,57.58,2,u,g,ff,ff,6.5,f,0,10,-
b,18.25,0.165,u,g,d,v,0.25,f,280,0,-
b,23.42,1,u,g,c,v,0.5,f,280,0,-
a,15.92,2.875,u,g,q,v,0.085,f,120,0,-
a,24.75,13.665,u,g,q,h,1.5,f,280,1,-
b,48.75,26.335,y,p,ff,ff,0,t,0,0,-
b,23.5,2.75,u,g,ff,ff,4.5,f,160,25,-
b,18.58,10.29,u,g,ff,ff,0.415,f,80,0,-
b,27.75,1.29,u,g,k,h,0.25,f,140,0,-
a,31.75,3,y,p,j,j,0,f,160,20,-
a,24.83,4.5,u,g,w,v,1,f,360,6,-
b,19,1.75,y,p,c,v,2.335,f,112,6,-
a,16.33,0.21,u,g,aa,v,0.125,f,200,1,-
a,18.58,10,u,g,d,v,0.415,f,80,42,-
b,16.25,0,y,p,aa,v,0.25,f,60,0,-
b,23,0.75,u,g,m,v,0.5,t,320,0,-
b,21.17,0.25,y,p,c,h,0.25,f,280,204,-
b,17.5,22,l,gg,ff,o,0,f,450,100000,+
b,19.17,0,y,p,m,bb,0,f,500,1,+
b,36.75,0.125,y,p,c,v,1.5,f,232,113,+
b,21.25,1.5,u,g,w,v,1.5,f,150,8,+
a,18.08,0.375,l,gg,cc,ff,10,f,300,0,+
a,33.67,0.375,u,g,cc,v,0.375,f,300,44,+
b,48.58,0.205,y,p,k,v,0.25,t,380,2732,+
b,33.67,1.25,u,g,w,v,1.165,f,120,0,-
a,29.5,1.085,y,p,x,v,1,f,280,13,-
b,30.17,1.085,y,p,c,v,0.04,f,170,179,-
?,40.83,3.5,u,g,i,bb,0.5,f,1160,0,-
b,34.83,2.5,y,p,w,v,3,f,200,0,-
b,?,4,y,p,i,v,0.085,f,411,0,-
b,20.42,0,?,?,?,?,0,f,?,0,-
a,33.25,2.5,y,p,c,v,2.5,f,0,2,-
b,34.08,2.5,u,g,c,v,1,f,460,16,-
a,25.25,12.5,u,g,d,v,1,f,180,1062,-
b,34.75,2.5,u,g,cc,bb,0.5,f,348,0,-
b,27.67,0.75,u,g,q,h,0.165,f,220,251,-
b,47.33,6.5,u,g,c,v,1,f,0,228,-
a,34.83,1.25,y,p,i,h,0.5,f,160,0,-
a,33.25,3,y,p,aa,v,2,f,180,0,-
b,28,3,u,g,w,v,0.75,f,300,67,-
a,39.08,4,u,g,c,v,3,f,480,0,-
b,42.75,4.085,u,g,aa,v,0.04,f,108,100,-
b,26.92,2.25,u,g,i,bb,0.5,f,640,4000,-
b,33.75,2.75,u,g,i,bb,0,f,180,0,-
b,38.92,1.75,u,g,k,v,0.5,f,300,2,-
b,62.75,7,u,g,e,z,0,f,0,12,-
?,32.25,1.5,u,g,c,v,0.25,f,372,122,-
b,26.75,4.5,y,p,c,bb,2.5,f,200,1210,-
b,63.33,0.54,u,g,c,v,0.585,t,180,0,-
b,27.83,1.5,u,g,w,v,2.25,f,100,3,-
a,26.17,2,u,g,j,j,0,f,276,1,-
b,22.17,0.585,y,p,ff,ff,0,f,100,0,-
b,22.5,11.5,y,p,m,v,1.5,f,0,4000,-
b,30.75,1.585,u,g,d,v,0.585,f,0,0,-
b,36.67,2,u,g,i,v,0.25,f,221,0,-
a,16,0.165,u,g,aa,v,1,f,320,1,-
b,41.17,1.335,u,g,d,v,0.165,f,168,0,-
a,19.5,0.165,u,g,q,v,0.04,f,380,0,-
b,32.42,3,u,g,d,v,0.165,f,120,0,-
a,36.75,4.71,u,g,ff,ff,0,f,160,0,-
a,30.25,5.5,u,g,k,v,5.5,f,100,0,-
b,23.08,2.5,u,g,ff,ff,0.085,f,100,4208,-
b,26.83,0.54,u,g,k,ff,0,f,100,0,-
b,16.92,0.335,y,p,k,v,0.29,f,200,0,-
b,24.42,2,u,g,e,dd,0.165,f,320,1300,-
b,42.83,1.25,u,g,m,v,13.875,f,352,112,-
a,22.75,6.165,u,g,aa,v,0.165,f,220,1000,-
b,39.42,1.71,y,p,m,v,0.165,f,400,0,-
a,23.58,11.5,y,p,k,h,3,f,20,16,-
b,21.42,0.75,y,p,r,n,0.75,f,132,2,-
b,33,2.5,y,p,w,v,7,f,280,0,-
b,26.33,13,u,g,e,dd,0,f,140,1110,-
a,45,4.585,u,g,k,h,1,f,240,0,-
b,26.25,1.54,u,g,w,v,0.125,f,100,0,-
?,28.17,0.585,u,g,aa,v,0.04,f,260,1004,-
a,20.83,0.5,y,p,e,dd,1,f,260,0,-
b,28.67,14.5,u,g,d,v,0.125,f,0,286,-
b,20.67,0.835,y,p,c,v,2,f,240,0,-
b,34.42,1.335,u,g,i,bb,0.125,f,440,4500,-
b,33.58,0.25,u,g,i,bb,4,f,420,0,-
b,43.17,5,u,g,i,bb,2.25,f,141,0,-
a,22.67,7,u,g,c,v,0.165,f,160,0,-
a,24.33,2.5,y,p,i,bb,4.5,f,200,456,-
a,56.83,4.25,y,p,ff,ff,5,f,0,4,-
b,22.08,11.46,u,g,k,v,1.585,f,100,1212,-
b,34,5.5,y,p,c,v,1.5,f,60,0,-
b,22.58,1.5,y,p,aa,v,0.54,f,120,67,-
b,21.17,0,u,g,c,v,0.5,f,0,0,-
b,26.67,14.585,u,g,i,bb,0,f,178,0,-
b,22.92,0.17,u,g,m,v,0.085,f,0,0,-
b,15.17,7,u,g,e,v,1,f,600,0,-
b,39.92,5,u,g,i,bb,0.21,f,550,0,-
b,27.42,12.5,u,g,aa,bb,0.25,f,720,0,-
b,24.75,0.54,u,g,m,v,1,f,120,1,-
b,41.17,1.25,y,p,w,v,0.25,f,0,195,-
a,33.08,1.625,u,g,d,v,0.54,f,0,0,-
b,29.83,2.04,y,p,x,h,0.04,f,128,1,-
a,23.58,0.585,y,p,ff,ff,0.125,f,120,87,-
b,26.17,12.5,y,p,k,h,1.25,f,0,17,-
b,31,2.085,u,g,c,v,0.085,f,300,0,-
b,20.75,5.085,y,p,j,v,0.29,f,140,184,-
b,28.92,0.375,u,g,c,v,0.29,f,220,140,-
a,51.92,6.5,u,g,i,bb,3.085,f,73,0,-
a,22.67,0.335,u,g,q,v,0.75,f,160,0,-
b,34,5.085,y,p,i,bb,1.085,f,480,0,-
a,69.5,6,u,g,ff,ff,0,f,0,0,-
a,40.33,8.125,y,p,k,v,0.165,f,?,18,-
a,19.58,0.665,y,p,c,v,1,f,2000,2,-
b,16,3.125,u,g,w,v,0.085,f,0,6,-
b,17.08,0.25,u,g,q,v,0.335,f,160,8,-
b,31.25,2.835,u,g,ff,ff,0,f,176,146,-
b,25.17,3,u,g,c,v,1.25,f,0,22,-
a,22.67,0.79,u,g,i,v,0.085,f,144,0,-
b,40.58,1.5,u,g,i,bb,0,f,300,0,-
b,22.25,0.46,u,g,k,v,0.125,f,280,55,-
a,22.25,1.25,y,p,ff,ff,3.25,f,280,0,-
b,22.5,0.125,y,p,k,v,0.125,f,200,70,-
b,23.58,1.79,u,g,c,v,0.54,f,136,1,-
b,38.42,0.705,u,g,c,v,0.375,f,225,500,-
a,26.58,2.54,y,p,ff,ff,0,f,180,60,-
b,35,2.5,u,g,i,v,1,f,210,0,-
b,20.42,1.085,u,g,q,v,1.5,f,108,7,-
b,29.42,1.25,u,g,w,v,1.75,f,200,0,-
b,26.17,0.835,u,g,cc,v,1.165,f,100,0,-
b,33.67,2.165,u,g,c,v,1.5,f,120,0,-
b,24.58,1.25,u,g,c,v,0.25,f,110,0,-
a,27.67,2.04,u,g,w,v,0.25,f,180,50,-
b,37.5,0.835,u,g,e,v,0.04,f,120,5,-
b,49.17,2.29,u,g,ff,ff,0.29,f,200,3,-
b,33.58,0.335,y,p,cc,v,0.085,f,180,0,-
b,51.83,3,y,p,ff,ff,1.5,f,180,4,-
b,22.92,3.165,y,p,c,v,0.165,f,160,1058,-
b,21.83,1.54,u,g,k,v,0.085,f,356,0,-
b,25.25,1,u,g,aa,v,0.5,f,200,0,-
b,58.58,2.71,u,g,c,v,2.415,f,320,0,-
b,19,0,y,p,ff,ff,0,f,45,1,-
b,19.58,0.585,u,g,ff,ff,0,f,350,769,-
a,53.33,0.165,u,g,ff,ff,0,f,62,27,-
a,27.17,1.25,u,g,ff,ff,0,f,92,300,-
b,25.92,0.875,u,g,k,v,0.375,f,174,3,-
b,23.08,0,u,g,k,v,1,f,0,0,-
b,39.58,5,u,g,ff,ff,0,f,17,1,-
b,30.58,2.71,y,p,m,v,0.125,f,80,0,-
b,17.25,3,u,g,k,v,0.04,f,160,40,-
a,17.67,0,y,p,j,ff,0,f,86,0,-
a,?,11.25,u,g,ff,ff,0,f,?,5200,-
b,16.5,0.125,u,g,c,v,0.165,f,132,0,-
a,27.33,1.665,u,g,ff,ff,0,f,340,1,-
b,31.25,1.125,u,g,ff,ff,0,f,96,19,-
b,20,7,u,g,c,v,0.5,f,0,0,-
b,?,3,y,p,i,bb,7,f,0,1,-
b,39.5,1.625,u,g,c,v,1.5,f,0,316,-
b,36.5,4.25,u,g,q,v,3.5,f,454,50,-
?,29.75,0.665,u,g,w,v,0.25,f,300,0,-
b,52.42,1.5,u,g,d,v,3.75,f,0,350,-
b,36.17,18.125,u,g,w,v,0.085,f,320,3552,-
b,34.58,0,?,?,?,?,0,f,?,0,-
b,29.67,0.75,y,p,c,v,0.04,f,240,0,-
b,36.17,5.5,u,g,i,bb,5,f,210,687,-
b,25.67,0.29,y,p,c,v,1.5,f,160,0,-
a,24.5,2.415,y,p,c,v,0,f,120,0,-
b,24.08,0.875,u,g,m,v,0.085,f,254,1950,-
b,21.92,0.5,u,g,c,v,0.125,f,360,0,-
a,36.58,0.29,u,g,ff,ff,0,f,200,18,-
a,23,1.835,u,g,j,j,0,f,200,53,-
a,27.58,3,u,g,m,v,2.79,f,280,10,-
b,31.08,3.085,u,g,c,v,2.5,f,160,41,-
a,30.42,1.375,u,g,w,h,0.04,f,0,33,-
b,22.08,2.335,u,g,k,v,0.75,f,180,0,-
b,16.33,4.085,u,g,i,h,0.415,f,120,0,-
a,21.92,11.665,u,g,k,h,0.085,f,320,5,-
b,21.08,4.125,y,p,i,h,0.04,f,140,100,-
b,17.42,6.5,u,g,i,v,0.125,f,60,100,-
b,19.17,4,y,p,i,v,1,f,360,1000,-
b,20.67,0.415,u,g,c,v,0.125,f,0,44,-
b,26.75,2,u,g,d,v,0.75,f,80,0,-
b,23.58,0.835,u,g,i,h,0.085,f,220,5,-
b,39.17,2.5,y,p,i,h,10,f,200,0,-
b,22.75,11.5,u,g,i,v,0.415,f,0,0,-
?,26.5,2.71,y,p,?,?,0.085,f,80,0,-
a,16.92,0.5,u,g,i,v,0.165,f,240,35,-
b,23.5,3.165,y,p,k,v,0.415,f,280,80,-
a,17.33,9.5,u,g,aa,v,1.75,f,0,10,-
b,23.75,0.415,y,p,c,v,0.04,f,128,6,-
b,34.67,1.08,u,g,m,v,1.165,f,28,0,-
b,74.83,19,y,p,ff,ff,0.04,f,0,351,-
b,28.17,0.125,y,p,k,v,0.085,f,216,2100,-
b,24.5,13.335,y,p,aa,v,0.04,f,120,475,-
b,18.83,3.54,y,p,ff,ff,0,f,180,1,-
?,45.33,1,u,g,q,v,0.125,f,263,0,-
a,47.25,0.75,u,g,q,h,2.75,t,333,892,+
b,24.17,0.875,u,g,q,v,4.625,t,520,2000,+
b,39.25,9.5,u,g,m,v,6.5,t,240,4607,+
a,20.5,11.835,u,g,c,h,6,t,340,0,+
a,18.83,4.415,y,p,c,h,3,t,240,0,+
b,19.17,9.5,u,g,w,v,1.5,t,120,2206,+
a,25,0.875,u,g,x,h,1.04,t,160,5860,+
b,20.17,9.25,u,g,c,v,1.665,t,40,28,+
b,25.75,0.5,u,g,c,v,1.46,t,312,0,+
b,20.42,7,u,g,c,v,1.625,t,200,1391,+
b,?,4,u,g,x,v,5,t,290,2279,+
b,39,5,u,g,cc,v,3.5,t,0,0,+
a,64.08,0.165,u,g,ff,ff,0,t,232,100,+
b,28.25,5.125,u,g,x,v,4.75,t,420,7,+
a,28.75,3.75,u,g,c,v,1.085,t,371,0,+
b,31.33,19.5,u,g,c,v,7,t,0,5000,+
a,18.92,9,u,g,aa,v,0.75,t,88,591,+
a,24.75,3,u,g,q,h,1.835,t,0,500,+
a,30.67,12,u,g,c,v,2,t,220,19,+
b,21,4.79,y,p,w,v,2.25,t,80,300,+
b,13.75,4,y,p,w,v,1.75,t,120,1000,+
a,46,4,u,g,j,j,0,t,100,960,+
a,44.33,0,u,g,c,v,2.5,t,0,0,+
b,20.25,9.96,u,g,e,dd,0,t,0,0,+
b,22.67,2.54,y,p,c,h,2.585,t,0,0,+
b,?,10.5,u,g,x,v,6.5,t,0,0,+
a,60.92,5,u,g,aa,v,4,t,0,99,+
b,16.08,0.75,u,g,c,v,1.75,t,352,690,+
a,28.17,0.375,u,g,q,v,0.585,t,80,0,+
b,39.17,1.71,u,g,x,v,0.125,t,480,0,+
?,20.42,7.5,u,g,k,v,1.5,t,160,234,+
a,30,5.29,u,g,e,dd,2.25,t,99,500,+
b,22.83,3,u,g,m,v,1.29,t,260,800,+
a,22.5,8.5,u,g,q,v,1.75,t,80,990,-
a,28.58,1.665,u,g,q,v,2.415,t,440,0,-
b,45.17,1.5,u,g,c,v,2.5,t,140,0,-
b,41.58,1.75,u,g,k,v,0.21,t,160,0,-
a,57.08,0.335,u,g,i,bb,1,t,252,2197,-
a,55.75,7.08,u,g,k,h,6.75,t,100,50,-
b,43.25,25.21,u,g,q,h,0.21,t,760,90,-
a,25.33,2.085,u,g,c,h,2.75,t,360,1,-
a,24.58,0.67,u,g,aa,h,1.75,t,400,0,-
b,43.17,2.25,u,g,i,bb,0.75,t,560,0,-
b,40.92,0.835,u,g,ff,ff,0,t,130,1,-
b,31.83,2.5,u,g,aa,v,7.5,t,523,0,-
a,33.92,1.585,y,p,ff,ff,0,t,320,0,-
a,24.92,1.25,u,g,ff,ff,0,t,80,0,-
b,35.25,3.165,u,g,x,h,3.75,t,680,0,-
b,34.25,1.75,u,g,w,bb,0.25,t,163,0,-
b,80.25,5.5,u,g,?,?,0.54,t,0,340,-
b,19.42,1.5,y,p,cc,v,2,t,100,20,-
b,42.75,3,u,g,i,bb,1,t,0,200,-
b,19.67,10,y,p,k,h,0.835,t,140,0,-
b,36.33,3.79,u,g,w,v,1.165,t,200,0,-
b,30.08,1.04,y,p,i,bb,0.5,t,132,28,-
b,44.25,11,y,p,d,v,1.5,t,0,0,-
b,23.58,0.46,y,p,w,v,2.625,t,208,347,-
b,23.92,1.5,u,g,d,h,1.875,t,200,327,+
b,33.17,1,u,g,x,v,0.75,t,340,4071,+
b,48.33,12,u,g,m,v,16,t,110,0,+
b,76.75,22.29,u,g,e,z,12.75,t,0,109,+
b,51.33,10,u,g,i,bb,0,t,0,1249,+
b,34.75,15,u,g,r,n,5.375,t,0,134,+
b,38.58,3.335,u,g,w,v,4,t,383,1344,+
a,22.42,11.25,y,p,x,h,0.75,t,0,321,+
b,41.92,0.42,u,g,c,h,0.21,t,220,948,+
b,29.58,4.5,u,g,w,v,7.5,t,330,0,+
a,32.17,1.46,u,g,w,v,1.085,t,120,2079,+
b,51.42,0.04,u,g,x,h,0.04,t,0,3000,+
a,22.83,2.29,u,g,q,h,2.29,t,140,2384,+
a,25,12.33,u,g,cc,h,3.5,t,400,458,+
b,26.75,1.125,u,g,x,h,1.25,t,0,5298,+
b,23.33,1.5,u,g,c,h,1.415,t,422,200,+
b,24.42,12.335,u,g,q,h,1.585,t,120,0,+
b,42.17,5.04,u,g,q,h,12.75,t,92,0,+
a,20.83,3,u,g,aa,v,0.04,t,100,0,+
b,23.08,11.5,u,g,w,h,2.125,t,290,284,+
a,25.17,2.875,u,g,x,h,0.875,t,360,0,+
b,43.08,0.375,y,p,c,v,0.375,t,300,162,+
a,35.75,0.915,u,g,aa,v,0.75,t,0,1583,+
b,59.5,2.75,u,g,w,v,1.75,t,60,58,+
b,21,3,y,p,d,v,1.085,t,160,1,+
b,21.92,0.54,y,p,x,v,0.04,t,840,59,+
a,65.17,14,u,g,ff,ff,0,t,0,1400,+
a,20.33,10,u,g,c,h,1,t,50,1465,+
b,32.25,0.165,y,p,c,h,3.25,t,432,8000,+
b,30.17,0.5,u,g,c,v,1.75,t,32,540,+
b,25.17,6,u,g,c,v,1,t,0,0,+
b,39.17,1.625,u,g,c,v,1.5,t,186,4700,+
b,39.08,6,u,g,m,v,1.29,t,108,1097,+
b,31.67,0.83,u,g,x,v,1.335,t,303,3290,+
b,41,0.04,u,g,e,v,0.04,f,560,0,+
b,48.5,4.25,u,g,m,v,0.125,t,225,0,+
b,32.67,9,y,p,w,h,5.25,t,154,0,+
a,28.08,15,y,p,e,z,0,t,0,13212,+
b,73.42,17.75,u,g,ff,ff,0,t,0,0,+
b,64.08,20,u,g,x,h,17.5,t,0,1000,+
b,51.58,15,u,g,c,v,8.5,t,0,0,+
b,26.67,1.75,y,p,c,v,1,t,160,5777,+
b,25.33,0.58,u,g,c,v,0.29,t,96,5124,+
b,30.17,6.5,u,g,cc,v,3.125,t,330,1200,+
b,27,0.75,u,g,c,h,4.25,t,312,150,+
b,23.17,0,?,?,?,?,0,f,?,0,+
b,34.17,5.25,u,g,w,v,0.085,f,290,6,+
b,38.67,0.21,u,g,k,v,0.085,t,280,0,+
b,25.75,0.75,u,g,c,bb,0.25,t,349,23,+
a,46.08,3,u,g,c,v,2.375,t,396,4159,+
a,21.5,6,u,g,aa,v,2.5,t,80,918,+
?,20.08,0.125,u,g,q,v,1,f,240,768,+
b,20.5,2.415,u,g,c,v,2,t,200,3000,+
a,29.5,0.46,u,g,k,v,0.54,t,380,500,+
?,42.25,1.75,y,p,?,?,0,f,150,1,-
b,29.83,1.25,y,p,k,v,0.25,f,224,0,-
b,20.08,0.25,u,g,q,v,0.125,f,200,0,-
b,23.42,0.585,u,g,c,h,0.085,t,180,0,-
a,29.58,1.75,y,p,k,v,1.25,f,280,0,-
b,16.17,0.04,u,g,c,v,0.04,f,0,0,+
b,32.33,3.5,u,g,k,v,0.5,f,232,0,-
b,?,0.04,y,p,d,v,4.25,f,460,0,-
b,47.83,4.165,u,g,x,bb,0.085,f,520,0,-
b,20,1.25,y,p,k,v,0.125,f,140,4,-
b,27.58,3.25,y,p,q,h,5.085,f,369,1,-
b,22,0.79,u,g,w,v,0.29,f,420,283,-
b,19.33,10.915,u,g,c,bb,0.585,f,200,7,-
a,38.33,4.415,u,g,c,v,0.125,f,160,0,-
b,29.42,1.25,u,g,c,h,0.25,f,400,108,-
b,22.67,0.75,u,g,i,v,1.585,f,400,9,-
b,32.25,14,y,p,ff,ff,0,f,160,1,-
b,29.58,4.75,u,g,m,v,2,f,460,68,-
b,18.42,10.415,y,p,aa,v,0.125,t,120,375,-
b,22.17,2.25,u,g,i,v,0.125,f,160,10,-
b,22.67,0.165,u,g,c,j,2.25,f,0,0,+
a,25.58,0,?,?,?,?,0,f,?,0,+
b,18.83,0,u,g,q,v,0.665,f,160,1,-
b,21.58,0.79,y,p,cc,v,0.665,f,160,0,-
b,23.75,12,u,g,c,v,2.085,f,80,0,-
b,22,7.835,y,p,i,bb,0.165,f,?,0,-
b,36.08,2.54,u,g,ff,ff,0,f,0,1000,-
b,29.25,13,u,g,d,h,0.5,f,228,0,-
a,19.58,0.665,u,g,w,v,1.665,f,220,5,-
a,22.92,1.25,u,g,q,v,0.25,f,120,809,-
a,27.25,0.29,u,g,m,h,0.125,f,272,108,-
a,38.75,1.5,u,g,ff,ff,0,f,76,0,-
b,32.42,2.165,y,p,k,ff,0,f,120,0,-
a,23.75,0.71,u,g,w,v,0.25,f,240,4,-
b,18.17,2.46,u,g,c,n,0.96,f,160,587,-
b,40.92,0.5,y,p,m,v,0.5,f,130,0,-
b,19.5,9.585,u,g,aa,v,0.79,f,80,350,-
b,28.58,3.625,u,g,aa,v,0.25,f,100,0,-
b,35.58,0.75,u,g,k,v,1.5,f,231,0,-
b,34.17,2.75,u,g,i,bb,2.5,f,232,200,-
?,33.17,2.25,y,p,cc,v,3.5,f,200,141,-
b,31.58,0.75,y,p,aa,v,3.5,f,320,0,-
a,52.5,7,u,g,aa,h,3,f,0,0,-
b,36.17,0.42,y,p,w,v,0.29,f,309,2,-
b,37.33,2.665,u,g,cc,v,0.165,f,0,501,-
a,20.83,8.5,u,g,c,v,0.165,f,0,351,-
b,24.08,9,u,g,aa,v,0.25,f,0,0,-
b,25.58,0.335,u,g,k,h,3.5,f,340,0,-
a,35.17,3.75,u,g,ff,ff,0,f,0,200,-
b,48.08,3.75,u,g,i,bb,1,f,100,2,-
a,15.83,7.625,u,g,q,v,0.125,f,0,160,-
a,22.5,0.415,u,g,i,v,0.335,f,144,0,-
b,21.5,11.5,u,g,i,v,0.5,t,100,68,-
a,23.58,0.83,u,g,q,v,0.415,f,200,11,-
a,21.08,5,y,p,ff,ff,0,f,0,0,-
b,25.67,3.25,u,g,c,h,2.29,f,416,21,-
a,38.92,1.665,u,g,aa,v,0.25,f,0,390,-
a,15.75,0.375,u,g,c,v,1,f,120,18,-
a,28.58,3.75,u,g,c,v,0.25,f,40,154,-
b,22.25,9,u,g,aa,v,0.085,f,0,0,-
b,29.83,3.5,u,g,c,v,0.165,f,216,0,-
a,23.5,1.5,u,g,w,v,0.875,f,160,0,-
b,32.08,4,y,p,cc,v,1.5,f,120,0,-
b,31.08,1.5,y,p,w,v,0.04,f,160,0,-
b,31.83,0.04,y,p,m,v,0.04,f,0,0,-
a,21.75,11.75,u,g,c,v,0.25,f,180,0,-
a,17.92,0.54,u,g,c,v,1.75,f,80,5,-
b,30.33,0.5,u,g,d,h,0.085,f,252,0,-
b,51.83,2.04,y,p,ff,ff,1.5,f,120,1,-
b,47.17,5.835,u,g,w,v,5.5,f,465,150,-
b,25.83,12.835,u,g,cc,v,0.5,f,0,2,-
a,50.25,0.835,u,g,aa,v,0.5,f,240,117,-
?,29.5,2,y,p,e,h,2,f,256,17,-
a,37.33,2.5,u,g,i,h,0.21,f,260,246,-
a,41.58,1.04,u,g,aa,v,0.665,f,240,237,-
a,30.58,10.665,u,g,q,h,0.085,f,129,3,-
b,19.42,7.25,u,g,m,v,0.04,f,100,1,-
a,17.92,10.21,u,g,ff,ff,0,f,0,50,-
a,20.08,1.25,u,g,c,v,0,f,0,0,-
b,19.5,0.29,u,g,k,v,0.29,f,280,364,-
b,27.83,1,y,p,d,h,3,f,176,537,-
b,17.08,3.29,u,g,i,v,0.335,f,140,2,-
b,36.42,0.75,y,p,d,v,0.585,f,240,3,-
b,40.58,3.29,u,g,m,v,3.5,f,400,0,-
b,21.08,10.085,y,p,e,h,1.25,f,260,0,-
a,22.67,0.75,u,g,c,v,2,f,200,394,-
a,25.25,13.5,y,p,ff,ff,2,f,200,1,-
b,17.92,0.205,u,g,aa,v,0.04,f,280,750,-
b,35,3.375,u,g,c,h,8.29,f,0,0,-
